Workbook

Sheet Guidelines
A1: NOTE:
A2: 1. Fill course details in course abstract sheet
A3: 2. Fill CO-PO details in CO-PO mapping sheet as given in syllabus
A4: 3. Fill students register number and name in CT1-3 Sheet
A5: 4. Map questions to COs for each CLAT
A6: 5. Allot mark weightage for each question
A7: 6. Fill marks for each question. For either-or questions, post marks for the students whi have attempted that question, else leave BLANK
A8: 7. Fill assignment/mooc/seminar max marks and awardedmarks in CT4 sheet. MOOC marks to be distributed across all COs with equal weight.
A9: 8. Fill EoC survey max Scores and awarded scores in EOC Survey sheet
A10: 9. Fill Final exam grades in University Exam sheet
A11: 10. Chart sheet has the final score
A12: 11. Fill CO & PO attainment details in course abstarct (Each course incharge)
... A15: 14. Take print out of microanalysis for each CLAT, by hiding the other CLAT marks

Sheet BATCH Abstract
A1: SRM INSTITUTE OF SCIENCE AND TECHNOLOGY
A2: COLLEGE OF ENGINEERING AND TECHNOLOGY
A3: Department :
A4: Degree : | E4: Programme: | L4: Batch :
A5: Year Incharge :
A7: PO ATTAINMENT
A8: S. No | B8: Semester | C8: COURSE CODE | D8: COURSE TITLE | E8: Faculty Incharge | F8: PO1 | G8: PO2 | H8: PO3 | I8: PO4 | J8: PO5 | K8: PO6 | L8: PO7 | M8: PO8 | N8: PO9 | O8: PO10 | P8: PO11 | Q8: PO12 | R8: PSO1 | S8: PSO2 | T8: PSO3
A9: 1 | B9: I
A10: 2 | B10: I
A11: 3 | B11: I
A12: 4 | B12: I
A13: 5 | B13: I
A14: 6 | B14: I
A15: 7 | B15: I
A16: 8 | B16: I
A17: 9 | B17: II
A18: 10 | B18: II
A19: 11 | B19: II
A20: 12 | B20: II
... A80: 72 | B80: VIII
C81: AVERAGE | F81: =IFERROR(AVERAGE(F9:F80),0) | G81: =IFERROR(AVERAGE(G9:G80),0) | H81: =IFERROR(AVERAGE(H9:H80),0) | I81: =IFERROR(AVERAGE(I9:I80),0) | J81: =IFERROR(AVERAGE(J9:J80),0) | K81: =IFERROR(AVERAGE(K9:K80),0) | L81: =IFERROR(AVERAGE(L9:L80),0) | M81: =IFERROR(AVERAGE(M9:M80),0) | ... T81: =IFERROR(AVERAGE(T9:T80),0)

Sheet Course Abstract
A1: SRM INSTITUTE OF SCIENCE AND TECHNOLOGY
A2: Department :
A3: Degree : | E3: Programme: | L3: Batch :
A4: Acadenic Year : | E4: Year: | L4: Semester : | R4: Section:
A5: Course Code & Title : | L5: Course Coordinator :
C6: COURSE OUTCOME ATTAINMENT
D7: DIRECT ATTAINMENT(DA) CONTINUOUS LEARNING ASSESSMENT TESTS | S7: INDIRECT ATTAINMENT (IDA) | T7: OVERALL ATTAINMENT = (80%DA +20%IDA)
D8: CO1 | F8: CO2 | H8: CO3 | J8: CO4 | L8: CO5 | N8: CO6 | P8: UNIVERSITY RESULT (UR) | R8: TOTAL ATTAINMENT = (100%I) | S8: END OF COURSE SURVEY
A9: S. No | B9: Section | C9: Faculty Incharge | D9: SET TARGET | E9: ATTAINMENT LEVEL | F9: SET TARGET | G9: ATTAINMENT LEVEL | H9: SET TARGET | I9: ATTAINMENT LEVEL | J9: SET TARGET | K9: ATTAINMENT LEVEL | L9: SET TARGET | M9: ATTAINMENT LEVEL | N9: SET TARGET | O9: ATTAINMENT LEVEL | P9: SET TARGET | Q9: ATTAINMENT LEVEL
A10: 1
A11: 2
A12: 3
A13: 4
A14: 5
A15: 6
A16: 7
A17: 8
C18: AVERAGE | D18: =IFERROR(AVERAGE(D10:D17),0) | E18: =IFERROR(AVERAGE(E10:E17),0) | F18: =IFERROR(AVERAGE(F10:F17),0) | G18: =IFERROR(AVERAGE(G10:G17),0) | H18: =IFERROR(AVERAGE(H10:H17),0) | I18: =IFERROR(AVERAGE(I10:I17),0) | J18: =IFERROR(AVERAGE(J10:J17),0) | K18: =IFERROR(AVERAGE(K10:K17),0) | ... T18: =IFERROR(AVERAGE(T10:T17),0)
A21: PO ATTAINMENT
A22: S. No | B22: Section | C22: Faculty Incharge | D22: PO1 | E22: PO2 | F22: PO3 | G22: PO4 | H22: PO5 | I22: PO6 | J22: PO7 | K22: PO8 | L22: PO9 | M22: PO10 | N22: PO11 | O22: PO12 | P22: PSO1 | Q22: PSO2 | R22: PSO3
A23: 1
A24: 2
A25: 3
A26: 4
A27: 5
A28: 6
A29: 7
A30: 8
C31: AVERAGE | D31: =IFERROR(AVERAGE(D23:D30),0) | E31: =IFERROR(AVERAGE(E23:E30),0) | F31: =IFERROR(AVERAGE(F23:F30),0) | G31: =IFERROR(AVERAGE(G23:G30),0) | H31: =IFERROR(AVERAGE(H23:H30),0) | I31: =IFERROR(AVERAGE(I23:I30),0) | J31: =IFERROR(AVERAGE(J23:J30),0) | K31: =IFERROR(AVERAGE(K23:K30),0) | ... R31: =IFERROR(AVERAGE(R23:R30),0)

Sheet CO PO Mapping
A1: SRM INSTITUTE OF SCIENCE AND TECHNOLOGY
A2: Department :
A3: Degree : | E3: Programme: | L3: Batch :
A4: Acadenic Year : | E4: Year: | L4: Semester : | O4: Section:
A5: Course Code & Title : | L5: Course Coordinator :
A6: COURSE OUTCOME:
A7: Students should be able to do the following tasks, described as "Course Outcomes"
A8: CODE | B8: Description of CO
A9: CLO-1 : | B9: Formulate a problem as a state space search method and its solution using various AI techniques
A10: CLO-2 : | B10: Apply appropriate searching techniques to solve a real-world problem
A11: CLO-3 : | B11: Develop various game playing strategies to solve real world adversarial search problems
A12: CLO-4 : | B12: Represent various knowledge representation techniques to solve complex AI problems
A13: CLO-5 : | B13: Design an expert system to implement advance techniques in Artificial Intelligence
A14: CLO-6 :
A15: PROGRAM OUTCOMES (PO):
A16: 1. Engineering knowledge: Apply the knowledge of mathematics, science, engineering fundamentals and an engineering specialization to the solution of complex engineering problems. 2. Problem analysis: Identify, formulate, review research literature, and analyze complex engineering problems reaching substantiated conclusions using first principles of mathematics, natural sciences, and engineering sciences. 3. Design/development of solutions: Design solutions for complex engineering problems and design system components or processes that meet the specified needs with appropriate consideration for the public health and safety, and the cultural, societal, and environmental considerations. 4. Conduct investigations of complex problems: Use research-based knowledge and research methods including design of experiments, analysis and interpretation of data, and synthesis of the information to provide valid conclusions. 5. Modern tool usage: Create, select, and apply appropriate techniques, resources, and modern engineering and IT tools including prediction and modeling to complex engineering activities with an understanding of the limitations. 6. The engineer and society: Apply reasoning informed by the contextual knowledge to assess societal, health, safety, legal and cultural issues and the consequent responsibilities relevant to the professional engineering practice. 7. Environment and sustainability: Understand the impact of the professional engineering solutions in societal and environmental contexts, and demonstrate the knowledge of, and need for sustainable development. 8. Ethics: Apply ethical principles and commit to professional ethics and responsibilities and norms of the engineering practice. 9. Individual and team work: Function effectively as an individual, and as a member or leader in diverse teams, and in multidisciplinary settings. 10. Communication: Communicate effectively on complex engineering activities with the engineering community and with society at large, such as, being able to comprehend and write effective reports and design documentation, make effective presentations, and give and receive clear instructions. 11.Project management and finance: Demonstrate knowledge and understanding of the engineering and management principles and apply these to one‘s own work, as a member and leader in a team, to manage projects and in multidisciplinary environments. 12. Life-long learning: Recognize the need for, and have the preparation and ability to engage in independent and life-long learning in the broadest context of technological change.
A17: Program Specific Outcomes(PSO)
A18: PSO 1 | B18: Ability to understand client requirements and suggest solutions
A19: PSO 2 | B19: Ability to create software for automation and function
A20: PSO 3 | B20: Ability to utilise logic & reasoning skills
A23: CO-PO MAPPING : | D23: Note: for CO-PO Mapping: Place '-' if there is no correlation between CO and PO
A24: CO | B24: PO1 | C24: PO2 | D24: PO3 | E24: PO4 | F24: PO5 | G24: PO6 | H24: PO7 | I24: PO8 | J24: PO9 | K24: PO10 | L24: PO11 | M24: PO12 | N24: PSO1 | O24: PSO2 | P24: PSO3
A25: 1 | B25: - | C25: - | D25: - | E25: - | F25: - | G25: - | H25: - | I25: - | J25: - | K25: - | L25: - | M25: - | N25: - | O25: - | P25: -
A26: 2 | B26: - | C26: - | D26: - | E26: - | F26: - | G26: - | H26: - | I26: - | J26: - | K26: - | L26: - | M26: - | N26: - | O26: - | P26: -
A27: 3 | B27: - | C27: - | D27: - | E27: - | F27: - | G27: - | H27: - | I27: - | J27: - | K27: - | L27: - | M27: - | N27: - | O27: - | P27: -
A28: 4 | B28: - | C28: - | D28: - | E28: - | F28: - | G28: - | H28: - | I28: - | J28: - | K28: - | L28: - | M28: - | N28: - | O28: - | P28: -
A29: 5 | B29: - | C29: - | D29: - | E29: - | F29: - | G29: - | H29: - | I29: - | J29: - | K29: - | L29: - | M29: - | N29: - | O29: - | P29: -
A30: 6 | B30: - | C30: - | D30: - | E30: - | F30: - | G30: - | H30: - | I30: - | J30: - | K30: - | L30: - | M30: - | N30: - | O30: - | P30: -
A31: AVERAGE | B31: =IFERROR(AVERAGE(B25:B30),"-") | C31: =IFERROR(AVERAGE(C25:C30),"-") | D31: =IFERROR(AVERAGE(D25:D30),"-") | E31: =IFERROR(AVERAGE(E25:E30),"-") | F31: =IFERROR(AVERAGE(F25:F30),"-") | G31: =IFERROR(AVERAGE(G25:G30),"-") | H31: =IFERROR(AVERAGE(H25:H30),"-") | I31: =IFERROR(AVERAGE(I25:I30),"-") | ... P31: =IFERROR(AVERAGE(P25:P30),"-")

Sheet Co-Po attainment Charts
A1: COURSE OUTCOME ATTAINMENT
A2: CO | B2: IA | C2: Attainment Level (IA) | D2: UA | E2: Attainment Level (UA) | F2: Direct | G2: Direct Attainment Level | H2: Indirect | I2: Indirect Attainment Level | J2: Final Attainment | K2: CO | L2: Final Attainment Level | M2: Target
A3: CO1 | B3: =IF('CT4'!D2>0,AVERAGE('CT1-3'!C78,'CT4'!D74),'CT1-3'!C78) | C3: ='CT1-3'!J78 | D3: ='UNIVERSITY EXAM'!D72 | E3: =IF(D3>=85,3,IF(D3>=75,2,IF(D3>=60,1,0))) | F3: =B3*0.5+D3*0.5 | G3: =C3*0.5+E3*0.5 | H3: ='EoC Survey'!D63 | I3: =IF(H3>=85,3,IF(H3>=70,2,IF(H3>=60,1,0))) | J3: =IFERROR(F3*0.8+H3*0.2,0) | K3: CO1 | L3: =0.7*G3+0.3*I3 | M3: 3
A4: CO2 | B4: =IF('CT4'!E2>0,AVERAGE('CT1-3'!C79,'CT4'!E74),'CT1-3'!C79) | C4: ='CT1-3'!J79 | D4: ='UNIVERSITY EXAM'!D72 | E4: =IF(D4>=85,3,IF(D4>=75,2,IF(D4>=60,1,0))) | F4: =B4*0.5+D4*0.5 | G4: =C4*0.5+E4*0.5 | H4: ='EoC Survey'!E63 | I4: =IF(H4>=85,3,IF(H4>=70,2,IF(H4>=60,1,0))) | J4: =IFERROR(F4*0.8+H4*0.2,0) | K4: CO2 | L4: =0.7*G4+0.3*I4 | M4: 3
A5: CO3 | B5: =IF('CT4'!F2>0,AVERAGE('CT1-3'!C80,'CT4'!F74),'CT1-3'!C80) | C5: ='CT1-3'!J80 | D5: ='UNIVERSITY EXAM'!D72 | E5: =IF(D5>=85,3,IF(D5>=75,2,IF(D5>=60,1,0))) | F5: =B5*0.5+D5*0.5 | G5: =C5*0.5+E5*0.5 | H5: ='EoC Survey'!F63 | I5: =IF(H5>=85,3,IF(H5>=70,2,IF(H5>=60,1,0))) | J5: =IFERROR(F5*0.8+H5*0.2,0) | K5: CO3 | L5: =0.7*G5+0.3*I5 | M5: 3
A6: CO4 | B6: =IF('CT4'!G2>0,AVERAGE('CT1-3'!C81,'CT4'!G74),'CT1-3'!C81) | C6: ='CT1-3'!J81 | D6: ='UNIVERSITY EXAM'!D72 | E6: =IF(D6>=85,3,IF(D6>=75,2,IF(D6>=60,1,0))) | F6: =B6*0.5+D6*0.5 | G6: =C6*0.5+E6*0.5 | H6: ='EoC Survey'!G63 | I6: =IF(H6>=85,3,IF(H6>=70,2,IF(H6>=60,1,0))) | J6: =IFERROR(F6*0.8+H6*0.2,0) | K6: CO4 | L6: =0.7*G6+0.3*I6 | M6: 3
A7: CO5 | B7: =IF('CT4'!H2>0,AVERAGE('CT1-3'!C82,'CT4'!H74),'CT1-3'!C82) | C7: ='CT1-3'!J82 | D7: ='UNIVERSITY EXAM'!D72 | E7: =IF(D7>=85,3,IF(D7>=75,2,IF(D7>=60,1,0))) | F7: =B7*0.5+D7*0.5 | G7: =C7*0.5+E7*0.5 | H7: ='EoC Survey'!H63 | I7: =IF(H7>=85,3,IF(H7>=70,2,IF(H7>=60,1,0))) | J7: =IFERROR(F7*0.8+H7*0.2,0) | K7: CO5 | L7: =0.7*G7+0.3*I7 | M7: 3
A8: C06 | B8: =IF('CT4'!I2>0,AVERAGE('CT1-3'!C83,'CT4'!I74),'CT1-3'!C83) | C8: ='CT1-3'!J83
A29: PO & PSO Direct Attainment
A30: CO | B30: PO1 | C30: PO2 | D30: PO3 | E30: PO4 | F30: PO5 | G30: PO6 | H30: PO7 | I30: PO8 | J30: PO9 | K30: PO10 | L30: PO11 | M30: PO12 | N30: PSO1 | O30: PSO2 | P30: PSO3
A31: CO1 | B31: =IF('CO PO Mapping'!B25<>"-",'CO PO Mapping'!B25*L3/3,"-") | C31: =IF('CO PO Mapping'!C25<>"-",'CO PO Mapping'!C25*L3/3,"-") | D31: =IF('CO PO Mapping'!D25<>"-",'CO PO Mapping'!D25*L3/3,"-") | E31: =IF('CO PO Mapping'!E25<>"-",'CO PO Mapping'!E25*L3/3,"-") | F31: =IF('CO PO Mapping'!F25<>"-",'CO PO Mapping'!F25*L3/3,"-") | G31: =IF('CO PO Mapping'!G25<>"-",'CO PO Mapping'!G25*L3/3,"-") | H31: =IF('CO PO Mapping'!H25<>"-",'CO PO Mapping'!H25*L3/3,"-") | I31: =IF('CO PO Mapping'!I25<>"-",'CO PO Mapping'!I25*L3/3,"-") | J31: =IF('CO PO Mapping'!J25<>"-",'CO PO Mapping'!J25*L3/3,"-") | K31: =IF('CO PO Mapping'!K25<>"-",'CO PO Mapping'!K25*L3/3,"-") | L31: =IF('CO PO Mapping'!L25<>"-",'CO PO Mapping'!L25*L3/3,"-") | M31: =IF('CO PO Mapping'!M25<>"-",'CO PO Mapping'!M25*L3/3,"-") | N31: =IF('CO PO Mapping'!N25<>"-",'CO PO Mapping'!N25*L3/3,"-") | O31: =IF('CO PO Mapping'!O25<>"-",'CO PO Mapping'!O25*L3/3,"-") | P31: =IF('CO PO Mapping'!P25<>"-",'CO PO Mapping'!P25*L3/3,"-")
A32: CO2 | B32: =IF('CO PO Mapping'!B26<>"-",'CO PO Mapping'!B26*L4/3,"-") | C32: =IF('CO PO Mapping'!C26<>"-",'CO PO Mapping'!C26*L4/3,"-") | D32: =IF('CO PO Mapping'!D26<>"-",'CO PO Mapping'!D26*L4/3,"-") | E32: =IF('CO PO Mapping'!E26<>"-",'CO PO Mapping'!E26*L4/3,"-") | F32: =IF('CO PO Mapping'!F26<>"-",'CO PO Mapping'!F26*L4/3,"-") | G32: =IF('CO PO Mapping'!G26<>"-",'CO PO Mapping'!G26*L4/3,"-") | H32: =IF('CO PO Mapping'!H26<>"-",'CO PO Mapping'!H26*L4/3,"-") | I32: =IF('CO PO Mapping'!I26<>"-",'CO PO Mapping'!I26*L4/3,"-") | J32: =IF('CO PO Mapping'!J26<>"-",'CO PO Mapping'!J26*L4/3,"-") | K32: =IF('CO PO Mapping'!K26<>"-",'CO PO Mapping'!K26*L4/3,"-") | L32: =IF('CO PO Mapping'!L26<>"-",'CO PO Mapping'!L26*L4/3,"-") | M32: =IF('CO PO Mapping'!M26<>"-",'CO PO Mapping'!M26*L4/3,"-") | N32: =IF('CO PO Mapping'!N26<>"-",'CO PO Mapping'!N26*L4/3,"-") | O32: =IF('CO PO Mapping'!O26<>"-",'CO PO Mapping'!O26*L4/3,"-") | P32: =IF('CO PO Mapping'!P26<>"-",'CO PO Mapping'!P26*L4/3,"-")
A33: CO3 | B33: =IF('CO PO Mapping'!B27<>"-",'CO PO Mapping'!B27*L5/3,"-") | C33: =IF('CO PO Mapping'!C27<>"-",'CO PO Mapping'!C27*L5/3,"-") | D33: =IF('CO PO Mapping'!D27<>"-",'CO PO Mapping'!D27*L5/3,"-") | E33: =IF('CO PO Mapping'!E27<>"-",'CO PO Mapping'!E27*L5/3,"-") | F33: =IF('CO PO Mapping'!F27<>"-",'CO PO Mapping'!F27*L5/3,"-") | G33: =IF('CO PO Mapping'!G27<>"-",'CO PO Mapping'!G27*L5/3,"-") | H33: =IF('CO PO Mapping'!H27<>"-",'CO PO Mapping'!H27*L5/3,"-") | I33: =IF('CO PO Mapping'!I27<>"-",'CO PO Mapping'!I27*L5/3,"-") | J33: =IF('CO PO Mapping'!J27<>"-",'CO PO Mapping'!J27*L5/3,"-") | K33: =IF('CO PO Mapping'!K27<>"-",'CO PO Mapping'!K27*L5/3,"-") | L33: =IF('CO PO Mapping'!L27<>"-",'CO PO Mapping'!L27*L5/3,"-") | M33: =IF('CO PO Mapping'!M27<>"-",'CO PO Mapping'!M27*L5/3,"-") | N33: =IF('CO PO Mapping'!N27<>"-",'CO PO Mapping'!N27*L5/3,"-") | O33: =IF('CO PO Mapping'!O27<>"-",'CO PO Mapping'!O27*L5/3,"-") | P33: =IF('CO PO Mapping'!P27<>"-",'CO PO Mapping'!P27*L5/3,"-")
A34: CO4 | B34: =IF('CO PO Mapping'!B28<>"-",'CO PO Mapping'!B28*L6/3,"-") | C34: =IF('CO PO Mapping'!C28<>"-",'CO PO Mapping'!C28*L6/3,"-") | D34: =IF('CO PO Mapping'!D28<>"-",'CO PO Mapping'!D28*L6/3,"-") | E34: =IF('CO PO Mapping'!E28<>"-",'CO PO Mapping'!E28*L6/3,"-") | F34: =IF('CO PO Mapping'!F28<>"-",'CO PO Mapping'!F28*L6/3,"-") | G34: =IF('CO PO Mapping'!G28<>"-",'CO PO Mapping'!G28*L6/3,"-") | H34: =IF('CO PO Mapping'!H28<>"-",'CO PO Mapping'!H28*L6/3,"-") | I34: =IF('CO PO Mapping'!I28<>"-",'CO PO Mapping'!I28*L6/3,"-") | J34: =IF('CO PO Mapping'!J28<>"-",'CO PO Mapping'!J28*L6/3,"-") | K34: =IF('CO PO Mapping'!K28<>"-",'CO PO Mapping'!K28*L6/3,"-") | L34: =IF('CO PO Mapping'!L28<>"-",'CO PO Mapping'!L28*L6/3,"-") | M34: =IF('CO PO Mapping'!M28<>"-",'CO PO Mapping'!M28*L6/3,"-") | N34: =IF('CO PO Mapping'!N28<>"-",'CO PO Mapping'!N28*L6/3,"-") | O34: =IF('CO PO Mapping'!O28<>"-",'CO PO Mapping'!O28*L6/3,"-") | P34: =IF('CO PO Mapping'!P28<>"-",'CO PO Mapping'!P28*L6/3,"-")
A35: CO5 | B35: =IF('CO PO Mapping'!B29<>"-",'CO PO Mapping'!B29*L7/3,"-") | C35: =IF('CO PO Mapping'!C29<>"-",'CO PO Mapping'!C29*L7/3,"-") | D35: =IF('CO PO Mapping'!D29<>"-",'CO PO Mapping'!D29*L7/3,"-") | E35: =IF('CO PO Mapping'!E29<>"-",'CO PO Mapping'!E29*L7/3,"-") | F35: =IF('CO PO Mapping'!F29<>"-",'CO PO Mapping'!F29*L7/3,"-") | G35: =IF('CO PO Mapping'!G29<>"-",'CO PO Mapping'!G29*L7/3,"-") | H35: =IF('CO PO Mapping'!H29<>"-",'CO PO Mapping'!H29*L7/3,"-") | I35: =IF('CO PO Mapping'!I29<>"-",'CO PO Mapping'!I29*L7/3,"-") | J35: =IF('CO PO Mapping'!J29<>"-",'CO PO Mapping'!J29*L7/3,"-") | K35: =IF('CO PO Mapping'!K29<>"-",'CO PO Mapping'!K29*L7/3,"-") | L35: =IF('CO PO Mapping'!L29<>"-",'CO PO Mapping'!L29*L7/3,"-") | M35: =IF('CO PO Mapping'!M29<>"-",'CO PO Mapping'!M29*L7/3,"-") | N35: =IF('CO PO Mapping'!N29<>"-",'CO PO Mapping'!N29*L7/3,"-") | O35: =IF('CO PO Mapping'!O29<>"-",'CO PO Mapping'!O29*L7/3,"-") | P35: =IF('CO PO Mapping'!P29<>"-",'CO PO Mapping'!P29*L7/3,"-")
A36: CO6 | B36: =IF('CO PO Mapping'!B30<>"-",'CO PO Mapping'!B30*L8/3,"-") | C36: =IF('CO PO Mapping'!C30<>"-",'CO PO Mapping'!C30*L8/3,"-") | D36: =IF('CO PO Mapping'!D30<>"-",'CO PO Mapping'!D30*L8/3,"-") | E36: =IF('CO PO Mapping'!E30<>"-",'CO PO Mapping'!E30*L8/3,"-") | F36: =IF('CO PO Mapping'!F30<>"-",'CO PO Mapping'!F30*L8/3,"-") | G36: =IF('CO PO Mapping'!G30<>"-",'CO PO Mapping'!G30*L8/3,"-") | H36: =IF('CO PO Mapping'!H30<>"-",'CO PO Mapping'!H30*L8/3,"-") | I36: =IF('CO PO Mapping'!I30<>"-",'CO PO Mapping'!I30*L8/3,"-") | J36: =IF('CO PO Mapping'!J30<>"-",'CO PO Mapping'!J30*L8/3,"-") | K36: =IF('CO PO Mapping'!K30<>"-",'CO PO Mapping'!K30*L8/3,"-") | L36: =IF('CO PO Mapping'!L30<>"-",'CO PO Mapping'!L30*L8/3,"-") | M36: =IF('CO PO Mapping'!M30<>"-",'CO PO Mapping'!M30*L8/3,"-") | N36: =IF('CO PO Mapping'!N30<>"-",'CO PO Mapping'!N30*L8/3,"-") | O36: =IF('CO PO Mapping'!O30<>"-",'CO PO Mapping'!O30*L8/3,"-") | P36: =IF('CO PO Mapping'!P30<>"-",'CO PO Mapping'!P30*L8/3,"-")
A37: Target PO | B37: ='CO PO Mapping'!B31 | C37: ='CO PO Mapping'!C31 | D37: ='CO PO Mapping'!D31 | E37: ='CO PO Mapping'!E31 | F37: ='CO PO Mapping'!F31 | G37: ='CO PO Mapping'!G31 | H37: ='CO PO Mapping'!H31 | I37: ='CO PO Mapping'!I31 | ... P37: ='CO PO Mapping'!P31
A38: PO & PSO attainment | B38: =IFERROR(AVERAGE(B31:B36),"-") | C38: =IFERROR(AVERAGE(C31:C36),"-") | D38: =IFERROR(AVERAGE(D31:D36),"-") | E38: =IFERROR(AVERAGE(E31:E36),"-") | F38: =IFERROR(AVERAGE(F31:F36),"-") | G38: =IFERROR(AVERAGE(G31:G36),"-") | H38: =IFERROR(AVERAGE(H31:H36),"-") | I38: =IFERROR(AVERAGE(I31:I36),"-") | ... P38: =IFERROR(AVERAGE(P31:P36),"-")

Sheet CT1-3
A1: CLAT-> | D1: FT-I
A2: CO -> | D2: CO3
D3: THEORY (for either/or Q, award marks for the attempted students only)
A4: MAX. MARKS (If not applicable, leave BLANK)-> | D4: 20 | E4: 20 | F4: 20 | G4: 20
D5: Question numbers mapping
A6: Sl.No | B6: Register Number | C6: Student Name | D6: Q1 | E6: Q2 | F6: Q3 | G6: Q4
A7: 1 | B7: RA2412005040001 | C7: Mani | D7: 18 | E7: 13 | F7: 15 | G7: 20
A8: 2 | B8: RA2412005040002 | C8: Shankar | D8: 20 | E8: 19 | F8: 17 | G8: 14
A9: 3 | B9: RA2412005040003 | C9: Arjun | D9: 20 | E9: 16 | F9: 17 | G9: 18
A10: 4 | B10: RA2412005040004 | C10: Jai | D10: 16 | E10: 14 | F10: 12 | G10: 17
A11: 5 | B11: RA2412005040005 | C11: Radhi | D11: 13 | E11: 10 | F11: 4 | G11: 16
A12: 6 | B12: RA2412005040006 | C12: Rithvik | D12: 16 | E12: 15 | F12: 6 | G12: 18
A13: 7 | B13: RA2412005040007 | C13: Ganesh | D13: 13 | E13: 18 | F13: 7 | G13: 18
A14: 8 | B14: RA2412005040008 | C14: Puja | D14: 15 | E14: 17 | F14: 12 | G14: 17
A15: 9 | B15: RA2412005040009 | C15: Mohan | D15: 17 | E15: 16 | F15: 14 | G15: 16
A16: 10 | B16: RA2412005040010 | C16: Lewyn | D16: 8 | E16: 12 | F16: 17 | G16: 14
A17: 11 | B17: RA2412005040011 | C17: Durga | D17: 9 | E17: 13 | F17: 9 | G17: 12
A18: 12 | B18: RA2412005040012 | C18: Parvathi | D18: 16 | E18: 14 | F18: 10 | G18: 13
A71: Number of Students Attempted | D71: =COUNTA(D7:D70) | E71: =COUNTA(E7:E70) | F71: =COUNTA(F7:F70) | G71: =COUNTA(G7:G70)
A72: Number of students who got more than 65% of marks | D72: =COUNTIF(D7:D70,">="&0.65*D4) | E72: =COUNTIF(E7:E70,">="&0.65*E4) | F72: =COUNTIF(F7:F70,">="&0.65*F4) | G72: =COUNTIF(G7:G70,">="&0.65*G4)
A73: Percentage of students who got more than 65% of marks | D73: =IF(D71>0,ROUND(D72/D71*100,2),"-") | E73: =IF(E71>0,ROUND(E72/E71*100,2),"-") | F73: =IF(F71>0,ROUND(F72/F71*100,2),"-") | G73: =IF(G71>0,ROUND(G72/G71*100,2),"-")
A74: Average Percentage of students who got more than 65% of marks | D74: =IFERROR(ROUND(SUMPRODUCT(D73:G73,D4:G4)/SUM(D4:G4), 2),"-")
A75: CO Attainment Level (>=85:3,>=75:2,>=65:1,<65:0) | D75: =IF(D74>=85,3,IF(D74>=75,2,IF(D74>=65,1,0)))
A77: CO | C77: CO Wise Average Percentage of students who got more than 65% of marks | J77: Overall CO Attainment Level (>=85:3,>=75:2,>=65:1,<65:0)
A78: CO1 | C78: 0 | J78: 0
A79: CO2 | C79: 0 | J79: 0
A80: CO3 | C80: =IFERROR(ROUND((SUMPRODUCT(D73:G73,D4:G4)/SUM(D4:G4))/1,2),"-") | J80: =IF(C80>=85,3,IF(C80>=75,2,IF(C80>=65,1,0)))
A81: CO4 | C81: 0 | J81: 0
A82: CO5 | C82: 0 | J82: 0
A83: CO6 | C83: 0 | J83: 0

Sheet CT4
A1: CO Mark Distribution
A2: Total CO Marks: | C2: 15 | D2: 5 | E2: 5 | F2: 5 | G2: 0 | H2: 0 | I2: 0
A3: S.No | B3: Register No | C3: Total Marks | D3: CO1 | E3: CO2 | F3: CO3 | G3: CO4 | H3: CO5 | I3: CO6
A4: 1 | B4: RA2412005040001 | C4: 15 | D4: 5 | E4: 5 | F4: 5
A5: 2 | B5: RA2412005040002 | C5: 14.75 | D5: 4.92 | E5: 4.92 | F5: 4.92
A6: 3 | B6: RA2412005040003 | C6: 14.75 | D6: 4.92 | E6: 4.92 | F6: 4.92
A7: 4 | B7: RA2412005040004 | C7: 13.5 | D7: 4.5 | E7: 4.5 | F7: 4.5
A8: 5 | B8: RA2412005040005 | C8: 14.5 | D8: 4.83 | E8: 4.83 | F8: 4.83
A9: 6 | B9: RA2412005040006 | C9: 15 | D9: 5 | E9: 5 | F9: 5
A10: 7 | B10: RA2412005040007 | C10: 14.75 | D10: 4.92 | E10: 4.92 | F10: 4.92
A11: 8 | B11: RA2412005040008 | C11: 14.25 | D11: 4.75 | E11: 4.75 | F11: 4.75
A12: 9 | B12: RA2412005040009 | C12: 13.75 | D12: 4.58 | E12: 4.58 | F12: 4.58
A13: 10 | B13: RA2412005040010 | C13: 12.5 | D13: 4.17 | E13: 4.17 | F13: 4.17
A14: 11 | B14: RA2412005040011 | C14: 14.25 | D14: 4.75 | E14: 4.75 | F14: 4.75
A15: 12 | B15: RA2412005040012 | C15: 14 | D15: 4.67 | E15: 4.67 | F15: 4.67
A72: Number of Students Attempted | D72: =COUNTA(D4:D71) | E72: =COUNTA(E4:E71) | F72: =COUNTA(F4:F71) | G72: =COUNTA(G4:G71) | H72: =COUNTA(H4:H71) | I72: =COUNTA(I4:I71)
A73: Number of students who got more than 65% of marks | D73: =COUNTIF(D4:D71,">="&0.65*D2) | E73: =COUNTIF(E4:E71,">="&0.65*E2) | F73: =COUNTIF(F4:F71,">="&0.65*F2) | G73: =COUNTIF(G4:G71,">="&0.65*G2) | H73: =COUNTIF(H4:H71,">="&0.65*H2) | I73: =COUNTIF(I4:I71,">="&0.65*I2)
A74: Percentage of students who got more than 65% of marks | D74: =IF(D72>0,ROUND(D73/D72*100,2),"-") | E74: =IF(E72>0,ROUND(E73/E72*100,2),"-") | F74: =IF(F72>0,ROUND(F73/F72*100,2),"-") | G74: =IF(G72>0,ROUND(G73/G72*100,2),"-") | H74: =IF(H72>0,ROUND(H73/H72*100,2),"-") | I74: =IF(I72>0,ROUND(I73/I72*100,2),"-")
A75: CO Attainment Level (>=85:3,>=75:2,>=65:1,<65:0) | D75: =IF(D72>0,(IF(D74>=85,3,IF(D74>=75,2,IF(D74>=65,1,0)))),"-") | E75: =IF(E72>0,(IF(E74>=85,3,IF(E74>=75,2,IF(E74>=65,1,0)))),"-") | F75: =IF(F72>0,(IF(F74>=85,3,IF(F74>=75,2,IF(F74>=65,1,0)))),"-") | G75: =IF(G72>0,(IF(G74>=85,3,IF(G74>=75,2,IF(G74>=65,1,0)))),"-") | H75: =IF(H72>0,(IF(H74>=85,3,IF(H74>=75,2,IF(H74>=65,1,0)))),"-") | I75: =IF(I72>0,(IF(I74>=85,3,IF(I74>=75,2,IF(I74>=65,1,0)))),"-")

Sheet UNIVERSITY EXAM
A1: SRM INSTITUTE OF SCIENCE AND TECHNOLOGY VADAPALANI CAMPUS Department of Computer Science & Engineering
A2: Subject code
A3: Subject Name
A4: Year & Sem
A5: Academic Year
A6: Name of the Faculty
A7: Sl. No | B7: Roll No | C7: Student Name | D7: University results | E7: Points
A70: Number of Students Attempted | D70: =COUNTA(D9:D66)
A71: Number of students who got more than 60% of marks | D71: =COUNTIF(E9:E68,">=6.5")
A72: Percentage of students who got more than 60% of marks | D72: =IFERROR((D71/D70)*100,0)
A73: CO ATTAINMENT LEVEL (>=85:3,>=75:2, >=65:1,<65:0) | D73: =IFERROR(IF(D72>=85,3,IF(D72>=75,2,IF(D72>=65,1,0))),0)

Sheet EoC Survey
A1: S.NO | B1: Roll No | C1: Student Name | D1: CO1 Formulate a problem as a state space search method and its solution using various AI techniques | E1: CO2 Apply appropriate searching techniques to solve a real-world problem | F1: CO3 Develop various game playing strategies to solve real world adversarial search problems | G1: CO4 Represent various knowledge representation techniques to solve complex AI problems | H1: CO5 Design an expert system to implement advance techniques in Artificial Intelligence
A61: Number of Students Attempted | D61: =COUNTA(D3:D45) | E61: =COUNTA(E3:E45) | F61: =COUNTA(F3:F45) | G61: =COUNTA(G3:G45) | H61: =COUNTA(H3:H45) | I61: =COUNTA(I3:I45)
A62: Number of students who awarded more than 65% | D62: =COUNTIF(D3:D45,">="&0.65*D2) | E62: =COUNTIF(E3:E45,">="&0.65*E2) | F62: =COUNTIF(F3:F45,">="&0.65*F2) | G62: =COUNTIF(G3:G45,">="&0.65*G2) | H62: =COUNTIF(H3:H45,">="&0.65*H2) | I62: =COUNTIF(I3:I45,">="&0.65*I2)
A63: Percentage of students who awarded more than 65% | D63: =IF(D61>0,D62/D61*100,"-") | E63: =IF(E61>0,E62/E61*100,"-") | F63: =IF(F61>0,F62/F61*100,"-") | G63: =IF(G61>0,G62/G61*100,"-") | H63: =IF(H61>0,H62/H61*100,"-") | I63: =IF(I61>0,I62/I61*100,"-")
A64: CO ATTAINMENT LEVEL (>=85:3,>=75:2, >=65:1,<65:0) | D64: =IF(D2="","",IF(D63>=85,3,IF(D63>=75,2,IF(D63>=65,1,0)))) | E64: =IF(E2="","",IF(E63>=85,3,IF(E63>=75,2,IF(E63>=65,1,0)))) | F64: =IF(F2="","",IF(F63>=85,3,IF(F63>=75,2,IF(F63>=65,1,0)))) | G64: =IF(G2="","",IF(G63>=85,3,IF(G63>=75,2,IF(G63>=65,1,0)))) | H64: =IF(H2="","",IF(H63>=85,3,IF(H63>=75,2,IF(H63>=65,1,0)))) | I64: =IF(I2="","",IF(I63>=85,3,IF(I63>=75,2,IF(I63>=65,1,0))))

Sheet Simplified
A1: Attainment Calculations
A2: CO# | B2: Internal | C2: IAL | D2: University | E2: UAL | F2: CO | G2: COAL | H2: Target | I2: TL | N2: Target | O2: =AVERAGE(I3:I7)
A3: ='CO PO Mapping'!A9 | B3: ='CT1-3'!C78 | C3: =IF(B3>=60,3,IF(B3>=50,2,IF(B3>=40,1,0))) | D3: ='UNIVERSITY EXAM'!D$72 | E3: =IF(D3>=60,3,IF(D3>=50,2,IF(D3>=40,1,0))) | F3: =(0.5*B3+0.5*D3) | G3: =IF(F3>=60,3,IF(F3>=50,2,IF(F3>=40,1,0))) | H3: 60 | I3: 2 | N3: Internal | O3: =AVERAGE(C3:C7)
A4: ='CO PO Mapping'!A10 | B4: ='CT1-3'!C79 | C4: =IF(B4>=60,3,IF(B4>=50,2,IF(B4>=40,1,0))) | D4: ='UNIVERSITY EXAM'!D$72 | E4: =IF(D4>=60,3,IF(D4>=50,2,IF(D4>=40,1,0))) | F4: =(0.5*B4+0.5*D4) | G4: =IF(F4>=60,3,IF(F4>=50,2,IF(F4>=40,1,0))) | H4: 60 | I4: 2 | N4: University | O4: =AVERAGE(E3:E7)
A5: ='CO PO Mapping'!A11 | B5: ='CT1-3'!C80 | C5: =IF(B5>=60,3,IF(B5>=50,2,IF(B5>=40,1,0))) | D5: ='UNIVERSITY EXAM'!D$72 | E5: =IF(D5>=60,3,IF(D5>=50,2,IF(D5>=40,1,0))) | F5: =(0.5*B5+0.5*D5) | G5: =IF(F5>=60,3,IF(F5>=50,2,IF(F5>=40,1,0))) | H5: 60 | I5: 2 | N5: Attainment | O5: =AVERAGE(G3:G7)
A6: ='CO PO Mapping'!A12 | B6: ='CT1-3'!C81 | C6: =IF(B6>=60,3,IF(B6>=50,2,IF(B6>=40,1,0))) | D6: ='UNIVERSITY EXAM'!D$72 | E6: =IF(D6>=60,3,IF(D6>=50,2,IF(D6>=40,1,0))) | F6: =(0.5*B6+0.5*D6) | G6: =IF(F6>=60,3,IF(F6>=50,2,IF(F6>=40,1,0))) | H6: 60 | I6: 2
A7: ='CO PO Mapping'!A13 | B7: ='CT1-3'!C82 | C7: =IF(B7>=60,3,IF(B7>=50,2,IF(B7>=40,1,0))) | D7: ='UNIVERSITY EXAM'!D$72 | E7: =IF(D7>=60,3,IF(D7>=50,2,IF(D7>=40,1,0))) | F7: =(0.5*B7+0.5*D7) | G7: =IF(F7>=60,3,IF(F7>=50,2,IF(F7>=40,1,0))) | H7: 60 | I7: 2
A8: ='CO PO Mapping'!A14 | B8: ='CT1-3'!C83 | C8: =IF(B8>=60,3,IF(B8>=50,2,IF(B8>=40,1,0))) | D8: ='UNIVERSITY EXAM'!D$72 | E8: =IF(D8>=60,3,IF(D8>=50,2,IF(D8>=40,1,0))) | F8: =(0.5*B8+0.5*D8) | G8: =IF(F8>=60,3,IF(F8>=50,2,IF(F8>=40,1,0))) | H8: 60 | I8: 2
B9: ='CT1-3'!C84
Q20: b
A30: PO ATTAINMENT LEVELS
B32: CO AL | C32: PO1 W | D32: PO1 AL | E32: PO2 W | F32: PO2 AL | G32: PO3 W | H32: PO3 AL | I32: PO4 W | J32: PO4 AL | K32: PO5 W | L32: PO5 AL | M32: PO6 W | N32: PO6 AL | O32: PO7 W | P32: PO7 AL | Q32: PO8 W | R32: PO8 AL | S32: PO9 W | T32: PO9 AL | U32: PO10 W | V32: PO10 AL | W32: PO11 W | X32: PO11 AL | Y32: PO12 W | Z32: PO12 AL
B33: =O5 | C33: =IF('CO PO Mapping'!B31=3,1,IF('CO PO Mapping'!B31=2,0.75,IF('CO PO Mapping'!B31=1,0.5,"-"))) | D33: =IF(C33="-","-",C33*$B33) | E33: =IF('CO PO Mapping'!C31=3,1,IF('CO PO Mapping'!C31=2,0.75,IF('CO PO Mapping'!C31=1,0.5,"-"))) | F33: =IF(E33="-","-",E33*$B33) | G33: =IF('CO PO Mapping'!D31=3,1,IF('CO PO Mapping'!D31=2,0.75,IF('CO PO Mapping'!D31=1,0.5,"-"))) | H33: =IF(G33="-","-",G33*$B33) | I33: =IF('CO PO Mapping'!E31=3,1,IF('CO PO Mapping'!E31=2,0.75,IF('CO PO Mapping'!E31=1,0.5,"-"))) | J33: =IF(I33="-","-",I33*$B33) | K33: =IF('CO PO Mapping'!F31=3,1,IF('CO PO Mapping'!F31=2,0.75,IF('CO PO Mapping'!F31=1,0.5,"-"))) | L33: =IF(K33="-","-",K33*$B33) | M33: =IF('CO PO Mapping'!G31=3,1,IF('CO PO Mapping'!G31=2,0.75,IF('CO PO Mapping'!G31=1,0.5,"-"))) | N33: =IF(M33="-","-",M33*$B33) | O33: =IF('CO PO Mapping'!H31=3,1,IF('CO PO Mapping'!H31=2,0.75,IF('CO PO Mapping'!H31=1,0.5,"-"))) | P33: =IF(O33="-","-",O33*$B33) | Q33: =IF('CO PO Mapping'!I31=3,1,IF('CO PO Mapping'!I31=2,0.75,IF('CO PO Mapping'!I31=1,0.5,"-"))) | R33: =IF(Q33="-","-",Q33*$B33) | S33: =IF('CO PO Mapping'!J31=3,1,IF('CO PO Mapping'!J31=2,0.75,IF('CO PO Mapping'!J31=1,0.5,"-"))) | T33: =IF(S33="-","-",S33*$B33) | U33: =IF('CO PO Mapping'!K31=3,1,IF('CO PO Mapping'!K31=2,0.75,IF('CO PO Mapping'!K31=1,0.5,"-"))) | V33: =IF(U33="-","-",U33*$B33) | W33: =IF('CO PO Mapping'!L31=3,1,IF('CO PO Mapping'!L31=2,0.75,IF('CO PO Mapping'!L31=1,0.5,"-"))) | X33: =IF(W33="-","-",W33*$B33) | Y33: =IF('CO PO Mapping'!M31=3,1,IF('CO PO Mapping'!M31=2,0.75,IF('CO PO Mapping'!M31=1,0.5,"-"))) | Z33: =IF(Y33="-","-",Y33*$B33)
A34: PSO ATTAINMENT
B36: CO AL | C36: PSO1 W | D36: PSO1 AL | E36: PSO2 W | F36: PSO2 AL | G36: PSO3 W | H36: PSO3 AL
B37: =O5 | C37: =IF('CO PO Mapping'!N31=3,1,IF('CO PO Mapping'!N31=2,0.75,IF('CO PO Mapping'!N31=1,0.5,"-"))) | D37: =IF(C37="-","-",$B37*C37) | E37: =IF('CO PO Mapping'!O31=3,1,IF('CO PO Mapping'!O31=2,0.75,IF('CO PO Mapping'!O31=1,0.5,"-"))) | F37: =IF(E37="-","-",$B37*E37) | G37: =IF('CO PO Mapping'!P31=3,1,IF('CO PO Mapping'!P31=2,0.75,IF('CO PO Mapping'!P31=1,0.5,"-"))) | H37: =IF(G37="-","-",$B37*G37)

Sheet program outcomes
A59: PROGRAM NAME | C59: COMPUTER SCIEDNCE AND ENGINEERING
A60: PSO 1 | C60: Ability to understand client requirements and suggest solutions
A61: PSO 2 | C61: Ability to create Software for automation and function
A62: PSO 3 | C62: Ability to utilize Logic & Reasoning Skills
